{
	"partitions" : [
		{
			"name" : "Top",
			"pins" : [
				{
					"name" : "readData[0]",
					"strict" : false
				},
				{
					"name" : "readData[1]",
					"strict" : false
				},
				{
					"name" : "readData[2]",
					"strict" : false
				},
				{
					"name" : "readData[3]",
					"strict" : false
				},
				{
					"name" : "readData[4]",
					"strict" : false
				},
				{
					"name" : "readData[5]",
					"strict" : false
				},
				{
					"name" : "readData[6]",
					"strict" : false
				},
				{
					"name" : "readData[7]",
					"strict" : false
				},
				{
					"name" : "writeEnable",
					"strict" : false
				},
				{
					"name" : "writeClk",
					"strict" : false
				},
				{
					"name" : "readClk",
					"strict" : false
				},
				{
					"name" : "writeData[0]",
					"strict" : false
				},
				{
					"name" : "writeAddress[0]",
					"strict" : false
				},
				{
					"name" : "writeAddress[1]",
					"strict" : false
				},
				{
					"name" : "writeAddress[2]",
					"strict" : false
				},
				{
					"name" : "writeAddress[3]",
					"strict" : false
				},
				{
					"name" : "writeAddress[4]",
					"strict" : false
				},
				{
					"name" : "readAddress[0]",
					"strict" : false
				},
				{
					"name" : "readAddress[1]",
					"strict" : false
				},
				{
					"name" : "readAddress[2]",
					"strict" : false
				},
				{
					"name" : "readAddress[3]",
					"strict" : false
				},
				{
					"name" : "readAddress[4]",
					"strict" : false
				},
				{
					"name" : "writeData[1]",
					"strict" : false
				},
				{
					"name" : "writeData[2]",
					"strict" : false
				},
				{
					"name" : "writeData[3]",
					"strict" : false
				},
				{
					"name" : "writeData[4]",
					"strict" : false
				},
				{
					"name" : "writeData[5]",
					"strict" : false
				},
				{
					"name" : "writeData[6]",
					"strict" : false
				},
				{
					"name" : "writeData[7]",
					"strict" : false
				}
			]
		}
	]
}