{
	"partitions" : [
		{
			"name" : "Top",
			"pins" : [
				{
					"name" : "SEG[0]",
					"strict" : false
				},
				{
					"name" : "SEG[1]",
					"strict" : false
				},
				{
					"name" : "SEG[2]",
					"strict" : false
				},
				{
					"name" : "SEG[3]",
					"strict" : false
				},
				{
					"name" : "SEG[4]",
					"strict" : false
				},
				{
					"name" : "SEG[5]",
					"strict" : false
				},
				{
					"name" : "SEG[6]",
					"strict" : false
				},
				{
					"name" : "DIG[0]",
					"strict" : false
				},
				{
					"name" : "DIG[1]",
					"strict" : false
				},
				{
					"name" : "DIG[2]",
					"strict" : false
				},
				{
					"name" : "DIG[3]",
					"strict" : false
				},
				{
					"name" : "CLOCK_50",
					"strict" : false
				},
				{
					"name" : "KEY[4]",
					"strict" : false
				},
				{
					"name" : "PS2_DAT",
					"strict" : false
				},
				{
					"name" : "PS2_CLK",
					"strict" : false
				}
			]
		}
	]
}