{
	"partitions" : [
		{
			"name" : "Top",
			"pins" : [
				{
					"name" : "WE_N[2]",
					"strict" : false
				},
				{
					"name" : "IN24[0]",
					"strict" : false
				},
				{
					"name" : "IN24[1]",
					"strict" : false
				},
				{
					"name" : "IN24[2]",
					"strict" : false
				},
				{
					"name" : "IN24[3]",
					"strict" : false
				},
				{
					"name" : "IN25[0]",
					"strict" : false
				},
				{
					"name" : "IN25[1]",
					"strict" : false
				},
				{
					"name" : "IN25[2]",
					"strict" : false
				},
				{
					"name" : "IN25[3]",
					"strict" : false
				},
				{
					"name" : "OUT24[0]",
					"strict" : false
				},
				{
					"name" : "OUT24[1]",
					"strict" : false
				},
				{
					"name" : "OUT24[2]",
					"strict" : false
				},
				{
					"name" : "OUT24[3]",
					"strict" : false
				},
				{
					"name" : "OUT25[0]",
					"strict" : false
				},
				{
					"name" : "OUT25[1]",
					"strict" : false
				},
				{
					"name" : "OUT25[2]",
					"strict" : false
				},
				{
					"name" : "OUT25[3]",
					"strict" : false
				},
				{
					"name" : "I1OUT[2]",
					"strict" : false
				},
				{
					"name" : "I1OUT[3]",
					"strict" : false
				},
				{
					"name" : "I1OUT[4]",
					"strict" : false
				},
				{
					"name" : "I1OUT[5]",
					"strict" : false
				},
				{
					"name" : "I2OUT[2]",
					"strict" : false
				},
				{
					"name" : "I2OUT[3]",
					"strict" : false
				},
				{
					"name" : "I2OUT[4]",
					"strict" : false
				},
				{
					"name" : "I2OUT[5]",
					"strict" : false
				},
				{
					"name" : "DLED[0]",
					"strict" : false
				},
				{
					"name" : "DLED[1]",
					"strict" : false
				},
				{
					"name" : "DLED[2]",
					"strict" : false
				},
				{
					"name" : "DLED[3]",
					"strict" : false
				},
				{
					"name" : "DLED[4]",
					"strict" : false
				},
				{
					"name" : "DLED[5]",
					"strict" : false
				},
				{
					"name" : "DLED[6]",
					"strict" : false
				},
				{
					"name" : "DLED[7]",
					"strict" : false
				},
				{
					"name" : "DBUS[0]",
					"strict" : false
				},
				{
					"name" : "DBUS[1]",
					"strict" : false
				},
				{
					"name" : "DBUS[2]",
					"strict" : false
				},
				{
					"name" : "DBUS[3]",
					"strict" : false
				},
				{
					"name" : "DBUS[4]",
					"strict" : false
				},
				{
					"name" : "DBUS[5]",
					"strict" : false
				},
				{
					"name" : "DBUS[6]",
					"strict" : false
				},
				{
					"name" : "DBUS[7]",
					"strict" : false
				},
				{
					"name" : "SW4",
					"strict" : false
				},
				{
					"name" : "PROG",
					"strict" : false
				},
				{
					"name" : "CLK",
					"strict" : false
				},
				{
					"name" : "RI",
					"strict" : false
				},
				{
					"name" : "SW3[7]",
					"strict" : false
				},
				{
					"name" : "SW3[6]",
					"strict" : false
				},
				{
					"name" : "SW3[5]",
					"strict" : false
				},
				{
					"name" : "SW3[4]",
					"strict" : false
				},
				{
					"name" : "SW3[0]",
					"strict" : false
				},
				{
					"name" : "SW3[1]",
					"strict" : false
				},
				{
					"name" : "SW3[2]",
					"strict" : false
				},
				{
					"name" : "SW3[3]",
					"strict" : false
				},
				{
					"name" : "A[1]",
					"strict" : false
				},
				{
					"name" : "A[0]",
					"strict" : false
				},
				{
					"name" : "A[3]",
					"strict" : false
				},
				{
					"name" : "A[2]",
					"strict" : false
				},
				{
					"name" : "RO_N",
					"strict" : false
				}
			]
		}
	]
}